Workbook

Sheet Schraubenlänge
B2: Art | C2: DN | D2: PN | E2: Dichtung Höhe in mm | F2: Überstand Anzahl Gewindegänge | G2: oder / und | H2: Überstand in mm | J2: PW | N2: Art | O2: DN | P2: PN | Q2: Anzahl Schrauben | R2: Gewinde | S2: Höhe | T2: Nut / Rücksprung f2 | U2: Bund | W2: Art | X2: DN | Y2: PN | Z2: Prüfung | AB2: Gewinde | AC2: Steigung | AE2: Mutter | AF2: Höhe | AH2: Scheibe | AI2: Höhe | AK2: Art
B3: Vorschweißflansch | C3: 150 | D3: 40 | E3: 2 | F3: 3 | J3: 6165 | N3: Vorschweißflansch | O3: 10 | P3: 10 | Q3: 4 | R3: M12 | S3: 14 | T3: 0 | U3: 0 | W3: =IF(N3=Schraubenlänge!$B$3,1,0) -> 1 | X3: =IF(O3=Schraubenlänge!$C$3,1,0) -> 0 | Y3: =IF(P3=Schraubenlänge!$D$3,1,0) -> 0 | Z3: =W3*X3*Y3 -> 0 | AB3: M 1 | AC3: 0.25 | AE3: M 1 | AF3: 0.8 | AH3: M 1 | AI3: 0.3 | AK3: Vorschweißflansch
N4: Vorschweißflansch | O4: 15 | P4: 10 | Q4: 4 | R4: M12 | S4: 14 | T4: 0 | U4: 0 | W4: =IF(N4=Schraubenlänge!$B$3,1,0) -> 1 | X4: =IF(O4=Schraubenlänge!$C$3,1,0) -> 0 | Y4: =IF(P4=Schraubenlänge!$D$3,1,0) -> 0 | Z4: =W4*X4*Y4 -> 0 | AB4: M1,1 | AC4: 0.25 | AE4: M1,1 | AH4: M1,1 | AI4: 0.3 | AK4: Feder und Nut
B5: Schraube | C5: Länge | D5: Anzahl Schrauben | E5: Starre Schrauben | N5: Vorschweißflansch | O5: 20 | P5: 10 | Q5: 4 | R5: M12 | S5: 16 | T5: 0 | U5: 0 | W5: =IF(N5=Schraubenlänge!$B$3,1,0) -> 1 | X5: =IF(O5=Schraubenlänge!$C$3,1,0) -> 0 | Y5: =IF(P5=Schraubenlänge!$D$3,1,0) -> 0 | Z5: =W5*X5*Y5 -> 0 | AB5: M1,2 | AC5: 0.25 | AE5: M1,2 | AF5: 1 | AH5: M1,2 | AI5: 0.3 | AK5: Vor- und Rücksprung
B6: =IF(J3=6165,INDEX(Flansch[],MATCH(1,Probe[Prüfung],0),5),"") -> M24 | C6: =((INDEX(Flansch[],MATCH(1,Probe[Prüfung],0),6)*2)+(INDEX(Steigung[],MATCH(B6,Steigung[Gewinde],0),2)*F3)+(INDEX(Mutter[],MATCH(B6,Mutter[Mutter],0),2))+(INDEX(Scheibe[],MATCH(B6,Scheibe[Scheibe],0),2))+E3+H3)-(INDEX(Flansch[],MATCH(1,Probe[Prüfung],0),7))+(INDEX(Flansch[],MATCH(1,Probe[Prüfung],0),8)*2) -> 92.5 | D6: =IF(J3=6165,INDEX(Flansch[],MATCH(1,Probe[Prüfung],0),4),"") -> 8 | N6: Vorschweißflansch | O6: 25 | P6: 10 | Q6: 4 | R6: M12 | S6: 16 | T6: 0 | U6: 0 | W6: =IF(N6=Schraubenlänge!$B$3,1,0) -> 1 | X6: =IF(O6=Schraubenlänge!$C$3,1,0) -> 0 | Y6: =IF(P6=Schraubenlänge!$D$3,1,0) -> 0 | Z6: =W6*X6*Y6 -> 0 | AB6: M1,4 | AC6: 0.3 | AE6: M1,4 | AF6: 1.2 | AH6: M1,4 | AI6: 0.3 | AK6: Fl. Typ 2 Bund Typ 32
N7: Vorschweißflansch | O7: 32 | P7: 10 | Q7: 4 | R7: M16 | S7: 16 | T7: 0 | U7: 0 | W7: =IF(N7=Schraubenlänge!$B$3,1,0) -> 1 | X7: =IF(O7=Schraubenlänge!$C$3,1,0) -> 0 | Y7: =IF(P7=Schraubenlänge!$D$3,1,0) -> 0 | Z7: =W7*X7*Y7 -> 0 | AB7: M1,6 | AC7: 0.35 | AE7: M1,6 | AF7: 1.3 | AH7: M1,6 | AI7: 0.3
B8: Schraube | C8: Länge | D8: Anzahl Schrauben | E8: Stehbolzen | N8: Vorschweißflansch | O8: 40 | P8: 10 | Q8: 4 | R8: M16 | S8: 16 | T8: 0 | U8: 0 | W8: =IF(N8=Schraubenlänge!$B$3,1,0) -> 1 | X8: =IF(O8=Schraubenlänge!$C$3,1,0) -> 0 | Y8: =IF(P8=Schraubenlänge!$D$3,1,0) -> 0 | Z8: =W8*X8*Y8 -> 0 | AB8: M1,8 | AC8: 0.35 | AE8: M1,8 | AF8: 1.4 | AH8: M1,8 | AI8: 0.3
B9: =IF(J3=6165,INDEX(Flansch[],MATCH(1,Probe[Prüfung],0),5),"") -> M24 | C9: =(INDEX(Flansch[],MATCH(1,Probe[Prüfung],0),6)*2)+((INDEX(Steigung[],MATCH(B6,Steigung[Gewinde],0),2)*F3)*2)+(INDEX(Mutter[],MATCH(B6,Mutter[Mutter],0),2)*2)+(INDEX(Scheibe[],MATCH(B6,Scheibe[Scheibe],0),2)*2)+E3+(H3*2)-(INDEX(Flansch[],MATCH(1,Probe[Prüfung],0),7))+(INDEX(Flansch[],MATCH(1,Probe[Prüfung],0),8)*2) -> 127 | D9: =IF(J3=6165,INDEX(Flansch[],MATCH(1,Probe[Prüfung],0),4),"") -> 8 | N9: Vorschweißflansch | O9: 50 | P9: 10 | Q9: 4 | R9: M16 | S9: 18 | T9: 0 | U9: 0 | W9: =IF(N9=Schraubenlänge!$B$3,1,0) -> 1 | X9: =IF(O9=Schraubenlänge!$C$3,1,0) -> 0 | Y9: =IF(P9=Schraubenlänge!$D$3,1,0) -> 0 | Z9: =W9*X9*Y9 -> 0 | AB9: M2 | AC9: 0.4 | AE9: M2 | AF9: 1.6 | AH9: M2 | AI9: 0.3
N10: Vorschweißflansch | O10: 65 | P10: 10 | Q10: 4 | R10: M16 | S10: 18 | T10: 0 | U10: 0 | W10: =IF(N10=Schraubenlänge!$B$3,1,0) -> 1 | X10: =IF(O10=Schraubenlänge!$C$3,1,0) -> 0 | Y10: =IF(P10=Schraubenlänge!$D$3,1,0) -> 0 | Z10: =W10*X10*Y10 -> 0 | AB10: M2,2 | AC10: 0.45 | AE10: M2,2 | AH10: M2,2 | AI10: 0.5
N11: Vorschweißflansch | O11: 80 | P11: 10 | Q11: 8 | R11: M16 | S11: 20 | T11: 0 | U11: 0 | W11: =IF(N11=Schraubenlänge!$B$3,1,0) -> 1 | X11: =IF(O11=Schraubenlänge!$C$3,1,0) -> 0 | Y11: =IF(P11=Schraubenlänge!$D$3,1,0) -> 0 | Z11: =W11*X11*Y11 -> 0 | AB11: M2,5 | AC11: 0.45 | AE11: M2,5 | AF11: 2 | AH11: M2,5 | AI11: 0.5
N12: Vorschweißflansch | O12: 100 | P12: 10 | Q12: 8 | R12: M16 | S12: 20 | T12: 0 | U12: 0 | W12: =IF(N12=Schraubenlänge!$B$3,1,0) -> 1 | X12: =IF(O12=Schraubenlänge!$C$3,1,0) -> 0 | Y12: =IF(P12=Schraubenlänge!$D$3,1,0) -> 0 | Z12: =W12*X12*Y12 -> 0 | AB12: M3 | AC12: 0.5 | AE12: M3 | AF12: 2.4 | AH12: M3 | AI12: 0.5
N13: Vorschweißflansch | O13: 125 | P13: 10 | Q13: 8 | R13: M16 | S13: 22 | T13: 0 | U13: 0 | W13: =IF(N13=Schraubenlänge!$B$3,1,0) -> 1 | X13: =IF(O13=Schraubenlänge!$C$3,1,0) -> 0 | Y13: =IF(P13=Schraubenlänge!$D$3,1,0) -> 0 | Z13: =W13*X13*Y13 -> 0 | AB13: M3,5 | AC13: 0.6 | AE13: M3,5 | AF13: 2.8 | AH13: M3,5 | AI13: 0.5
N14: Vorschweißflansch | O14: 150 | P14: 10 | Q14: 8 | R14: M20 | S14: 22 | T14: 0 | U14: 0 | W14: =IF(N14=Schraubenlänge!$B$3,1,0) -> 1 | X14: =IF(O14=Schraubenlänge!$C$3,1,0) -> 1 | Y14: =IF(P14=Schraubenlänge!$D$3,1,0) -> 0 | Z14: =W14*X14*Y14 -> 0 | AB14: M4 | AC14: 0.7 | AE14: M4 | AF14: 3.2 | AH14: M4 | AI14: 0.8
N15: Vorschweißflansch | O15: 200 | P15: 10 | Q15: 8 | R15: M20 | S15: 24 | T15: 0 | U15: 0 | W15: =IF(N15=Schraubenlänge!$B$3,1,0) -> 1 | X15: =IF(O15=Schraubenlänge!$C$3,1,0) -> 0 | Y15: =IF(P15=Schraubenlänge!$D$3,1,0) -> 0 | Z15: =W15*X15*Y15 -> 0 | AB15: M5 | AC15: 0.8 | AE15: M5 | AF15: 4.7 | AH15: M5 | AI15: 1
N16: Vorschweißflansch | O16: 250 | P16: 10 | Q16: 12 | R16: M20 | S16: 26 | T16: 0 | U16: 0 | W16: =IF(N16=Schraubenlänge!$B$3,1,0) -> 1 | X16: =IF(O16=Schraubenlänge!$C$3,1,0) -> 0 | Y16: =IF(P16=Schraubenlänge!$D$3,1,0) -> 0 | Z16: =W16*X16*Y16 -> 0 | AB16: M6 | AC16: 1 | AE16: M6 | AF16: 5.2 | AH16: M6 | AI16: 1.6
N17: Vorschweißflansch | O17: 300 | P17: 10 | Q17: 12 | R17: M20 | S17: 26 | T17: 0 | U17: 0 | W17: =IF(N17=Schraubenlänge!$B$3,1,0) -> 1 | X17: =IF(O17=Schraubenlänge!$C$3,1,0) -> 0 | Y17: =IF(P17=Schraubenlänge!$D$3,1,0) -> 0 | Z17: =W17*X17*Y17 -> 0 | AB17: M8 | AC17: 1.25 | AE17: M8 | AF17: 6.8 | AH17: M8 | AI17: 1.6
N18: Vorschweißflansch | O18: 350 | P18: 10 | Q18: 16 | R18: M20 | S18: 26 | T18: 0 | U18: 0 | W18: =IF(N18=Schraubenlänge!$B$3,1,0) -> 1 | X18: =IF(O18=Schraubenlänge!$C$3,1,0) -> 0 | Y18: =IF(P18=Schraubenlänge!$D$3,1,0) -> 0 | Z18: =W18*X18*Y18 -> 0 | AB18: M10 | AC18: 1.5 | AE18: M10 | AF18: 8.4 | AH18: M10 | AI18: 2
N19: Vorschweißflansch | O19: 400 | P19: 10 | Q19: 16 | R19: M24 | S19: 26 | T19: 0 | U19: 0 | W19: =IF(N19=Schraubenlänge!$B$3,1,0) -> 1 | X19: =IF(O19=Schraubenlänge!$C$3,1,0) -> 0 | Y19: =IF(P19=Schraubenlänge!$D$3,1,0) -> 0 | Z19: =W19*X19*Y19 -> 0 | AB19: M12 | AC19: 1.75 | AE19: M12 | AF19: 10.8 | AH19: M12 | AI19: 2.5
N20: Vorschweißflansch | O20: 500 | P20: 10 | Q20: 20 | R20: M24 | S20: 28 | T20: 0 | U20: 0 | W20: =IF(N20=Schraubenlänge!$B$3,1,0) -> 1 | X20: =IF(O20=Schraubenlänge!$C$3,1,0) -> 0 | Y20: =IF(P20=Schraubenlänge!$D$3,1,0) -> 0 | Z20: =W20*X20*Y20 -> 0 | AB20: M14 | AC20: 2 | AE20: M14 | AF20: 12.8 | AH20: M14 | AI20: 2.5
N21: Vorschweißflansch | O21: 600 | P21: 10 | Q21: 20 | R21: M27 | S21: 28 | T21: 0 | U21: 0 | W21: =IF(N21=Schraubenlänge!$B$3,1,0) -> 1 | X21: =IF(O21=Schraubenlänge!$C$3,1,0) -> 0 | Y21: =IF(P21=Schraubenlänge!$D$3,1,0) -> 0 | Z21: =W21*X21*Y21 -> 0 | AB21: M16 | AC21: 2 | AE21: M16 | AF21: 14.8 | AH21: M16 | AI21: 3
N22: Vorschweißflansch | O22: 10 | P22: 16 | Q22: 4 | R22: M12 | S22: 14 | T22: 0 | U22: 0 | W22: =IF(N22=Schraubenlänge!$B$3,1,0) -> 1 | X22: =IF(O22=Schraubenlänge!$C$3,1,0) -> 0 | Y22: =IF(P22=Schraubenlänge!$D$3,1,0) -> 0 | Z22: =W22*X22*Y22 -> 0 | AB22: M18 | AC22: 2.5 | AE22: M18 | AF22: 15.8 | AH22: M18 | AI22: 3
... N33: Vorschweißflansch | O33: 150 | P33: 16 | Q33: 8 | R33: M20 | S33: 22 | T33: 0 | U33: 0 | W33: =IF(N33=Schraubenlänge!$B$3,1,0) -> 1 | X33: =IF(O33=Schraubenlänge!$C$3,1,0) -> 1 | Y33: =IF(P33=Schraubenlänge!$D$3,1,0) -> 0 | Z33: =W33*X33*Y33 -> 0 | AB33: M33 | AC33: 3.5 | AE33: M64 | AF33: 51 | AH33: M64 | AI33: 10
N34: Vorschweißflansch | O34: 200 | P34: 16 | Q34: 12 | R34: M20 | S34: 24 | T34: 0 | U34: 0 | W34: =IF(N34=Schraubenlänge!$B$3,1,0) -> 1 | X34: =IF(O34=Schraubenlänge!$C$3,1,0) -> 0 | Y34: =IF(P34=Schraubenlänge!$D$3,1,0) -> 0 | Z34: =W34*X34*Y34 -> 0
N35: Vorschweißflansch | O35: 250 | P35: 16 | Q35: 12 | R35: M24 | S35: 26 | T35: 0 | U35: 0 | W35: =IF(N35=Schraubenlänge!$B$3,1,0) -> 1 | X35: =IF(O35=Schraubenlänge!$C$3,1,0) -> 0 | Y35: =IF(P35=Schraubenlänge!$D$3,1,0) -> 0 | Z35: =W35*X35*Y35 -> 0
N36: Vorschweißflansch | O36: 300 | P36: 16 | Q36: 12 | R36: M24 | S36: 28 | T36: 0 | U36: 0 | W36: =IF(N36=Schraubenlänge!$B$3,1,0) -> 1 | X36: =IF(O36=Schraubenlänge!$C$3,1,0) -> 0 | Y36: =IF(P36=Schraubenlänge!$D$3,1,0) -> 0 | Z36: =W36*X36*Y36 -> 0
N37: Vorschweißflansch | O37: 350 | P37: 16 | Q37: 16 | R37: M24 | S37: 30 | T37: 0 | U37: 0 | W37: =IF(N37=Schraubenlänge!$B$3,1,0) -> 1 | X37: =IF(O37=Schraubenlänge!$C$3,1,0) -> 0 | Y37: =IF(P37=Schraubenlänge!$D$3,1,0) -> 0 | Z37: =W37*X37*Y37 -> 0
N38: Vorschweißflansch | O38: 400 | P38: 16 | Q38: 16 | R38: M27 | S38: 32 | T38: 0 | U38: 0 | W38: =IF(N38=Schraubenlänge!$B$3,1,0) -> 1 | X38: =IF(O38=Schraubenlänge!$C$3,1,0) -> 0 | Y38: =IF(P38=Schraubenlänge!$D$3,1,0) -> 0 | Z38: =W38*X38*Y38 -> 0
N39: Vorschweißflansch | O39: 500 | P39: 16 | Q39: 20 | R39: M30 | S39: 34 | T39: 0 | U39: 0 | W39: =IF(N39=Schraubenlänge!$B$3,1,0) -> 1 | X39: =IF(O39=Schraubenlänge!$C$3,1,0) -> 0 | Y39: =IF(P39=Schraubenlänge!$D$3,1,0) -> 0 | Z39: =W39*X39*Y39 -> 0
N40: Vorschweißflansch | O40: 600 | P40: 16 | Q40: 20 | R40: M33 | S40: 36 | T40: 0 | U40: 0 | W40: =IF(N40=Schraubenlänge!$B$3,1,0) -> 1 | X40: =IF(O40=Schraubenlänge!$C$3,1,0) -> 0 | Y40: =IF(P40=Schraubenlänge!$D$3,1,0) -> 0 | Z40: =W40*X40*Y40 -> 0
N41: Vorschweißflansch | O41: 10 | P41: 25 | Q41: 4 | R41: M12 | S41: 16 | T41: 0 | U41: 0 | W41: =IF(N41=Schraubenlänge!$B$3,1,0) -> 1 | X41: =IF(O41=Schraubenlänge!$C$3,1,0) -> 0 | Y41: =IF(P41=Schraubenlänge!$D$3,1,0) -> 0 | Z41: =W41*X41*Y41 -> 0
N42: Vorschweißflansch | O42: 15 | P42: 25 | Q42: 4 | R42: M12 | S42: 16 | T42: 0 | U42: 0 | W42: =IF(N42=Schraubenlänge!$B$3,1,0) -> 1 | X42: =IF(O42=Schraubenlänge!$C$3,1,0) -> 0 | Y42: =IF(P42=Schraubenlänge!$D$3,1,0) -> 0 | Z42: =W42*X42*Y42 -> 0
N43: Vorschweißflansch | O43: 20 | P43: 25 | Q43: 4 | R43: M12 | S43: 18 | T43: 0 | U43: 0 | W43: =IF(N43=Schraubenlänge!$B$3,1,0) -> 1 | X43: =IF(O43=Schraubenlänge!$C$3,1,0) -> 0 | Y43: =IF(P43=Schraubenlänge!$D$3,1,0) -> 0 | Z43: =W43*X43*Y43 -> 0
N44: Vorschweißflansch | O44: 25 | P44: 25 | Q44: 4 | R44: M12 | S44: 18 | T44: 0 | U44: 0 | W44: =IF(N44=Schraubenlänge!$B$3,1,0) -> 1 | X44: =IF(O44=Schraubenlänge!$C$3,1,0) -> 0 | Y44: =IF(P44=Schraubenlänge!$D$3,1,0) -> 0 | Z44: =W44*X44*Y44 -> 0
N45: Vorschweißflansch | O45: 32 | P45: 25 | Q45: 4 | R45: M16 | S45: 18 | T45: 0 | U45: 0 | W45: =IF(N45=Schraubenlänge!$B$3,1,0) -> 1 | X45: =IF(O45=Schraubenlänge!$C$3,1,0) -> 0 | Y45: =IF(P45=Schraubenlänge!$D$3,1,0) -> 0 | Z45: =W45*X45*Y45 -> 0
... N263: Fl. Typ 2 Bund Typ 32 | O263: 400 | P263: 40 | Q263: 16 | R263: M36 | S263: 65 | T263: 0 | U263: 42 | W263: =IF(N263=Schraubenlänge!$B$3,1,0) -> 0 | X263: =IF(O263=Schraubenlänge!$C$3,1,0) -> 0 | Y263: =IF(P263=Schraubenlänge!$D$3,1,0) -> 1 | Z263: =W263*X263*Y263 -> 0
N264: Fl. Typ 2 Bund Typ 32 | O264: 450 | P264: 40 | Q264: 20 | R264: M36 | S264: NA | T264: 0 | U264: 46 | W264: =IF(N264=Schraubenlänge!$B$3,1,0) -> 0 | X264: =IF(O264=Schraubenlänge!$C$3,1,0) -> 0 | Y264: =IF(P264=Schraubenlänge!$D$3,1,0) -> 1 | Z264: =W264*X264*Y264 -> 0
N265: Fl. Typ 2 Bund Typ 32 | O265: 500 | P265: 40 | Q265: 20 | R265: M39 | S265: NA | T265: 0 | U265: 50 | W265: =IF(N265=Schraubenlänge!$B$3,1,0) -> 0 | X265: =IF(O265=Schraubenlänge!$C$3,1,0) -> 0 | Y265: =IF(P265=Schraubenlänge!$D$3,1,0) -> 1 | Z265: =W265*X265*Y265 -> 0
N266: Fl. Typ 2 Bund Typ 32 | O266: 600 | P266: 40 | Q266: 20 | R266: M45 | S266: NA | T266: 0 | U266: 54 | W266: =IF(N266=Schraubenlänge!$B$3,1,0) -> 0 | X266: =IF(O266=Schraubenlänge!$C$3,1,0) -> 0 | Y266: =IF(P266=Schraubenlänge!$D$3,1,0) -> 1 | Z266: =W266*X266*Y266 -> 0
